City,Lat,Lng,Max Temp,Humidity,Cloudiness,Wind Speed,Country,Date
"ca mau,vn",9.1769,105.15,88.38,59,90,12.19,VN,1626923432
"ayagoz,kz",47.9714,80.4392,71.44,51,100,19.44,KZ,1626923683
"dano,bf",11.15,-3.0667,76.06,74,100,8.08,BF,1626923684
"novyy urengoy,ru",66.0833,76.6333,59.77,87,100,16.87,RU,1626923682
"black river,jm",18.0264,-77.8487,83.98,72,80,4.5,JM,1626923684
"catuday,ph",16.2923,119.8062,79.23,88,100,19.51,PH,1626923684
"vanimo,pg",-2.6741,141.3028,82.27,81,98,3.38,PG,1626923685
"argentan,fr",48.75,-0.0167,64.17,90,73,3.58,FR,1626923685
"hope,us",33.6671,-93.5916,78.85,69,5,4.56,US,1626923685
"sao gabriel da cachoeira,br",-0.1303,-67.0892,71.02,98,56,2.1,BR,1626923686
"taonan,cn",45.3333,122.7833,90.36,48,3,10.67,CN,1626923686
"tuatapere,nz",-46.1333,167.6833,49.82,70,84,5.46,NZ,1626923686
"mahon,es",39.8885,4.2658,75.76,88,0,3.44,ES,1626923687
"roma,au",-26.5833,148.7833,60.08,28,7,10.74,AU,1626923687
"katsuura,jp",35.1333,140.3,87.91,69,22,6.46,JP,1626923687
"khangarh,pk",29.9173,71.1618,86.07,57,43,6.93,PK,1626923688
"jamestown,sh",-15.9387,-5.7168,65.17,79,100,23.71,SH,1626923688
"sijunjung,id",-0.6876,100.9537,83.66,55,94,1.86,ID,1626923688
"linxia,cn",35.6003,103.2064,78.01,48,61,3.6,CN,1626923689
"kununurra,au",-15.7667,128.7333,87.78,15,87,3.44,AU,1626923689
"port alfred,za",-33.5906,26.891,48.04,80,88,33.04,ZA,1626923550
"kavaratti,in",10.5669,72.642,82.56,81,100,22.53,IN,1626923689
"la palma,pa",8.4028,-78.1453,78.06,93,100,1.72,PA,1626923690
"boddam,gb",57.4667,-1.7833,60.39,89,95,7.67,GB,1626923690
"cape town,za",-33.9258,18.4232,47.08,82,49,1.01,ZA,1626923690
"zapolyarnyy,ru",69.4154,30.8136,43.88,91,100,14.9,RU,1626923690
"les escoumins,ca",48.1111,-69.0236,49.32,95,94,3.31,CA,1626923691
"sertanopolis,br",-23.0586,-51.0364,57.27,42,0,4.65,BR,1626923691
"cockburn town,tc",21.4612,-71.1419,81.43,84,11,18.52,TC,1626923691
"broome,au",-17.9667,122.2333,78.75,69,9,6.91,AU,1626923692
"cravo norte,co",6.3017,-70.2041,75.04,90,100,1.86,CO,1626923692
"borodino,ru",55.9106,94.8983,70.68,64,1,4.07,RU,1626923692
"kiunga,pg",-6.1219,141.2906,80.78,81,98,1.12,PG,1626923692
"porto novo,cv",17.0197,-25.0647,75.18,87,50,5.79,CV,1626923693
"havre-saint-pierre,ca",50.2334,-63.5986,59.36,82,90,5.75,CA,1626923693
"great bend,us",38.3645,-98.7648,73.98,68,1,6.91,US,1626923693
"kuusamo,fi",65.9667,29.1833,48.24,87,40,5.75,FI,1626923694
"kahului,us",20.8947,-156.47,82.42,68,20,23.02,US,1626923694
"ulaanbaatar,mn",47.9077,106.8832,66.33,63,40,8.95,MN,1626923406
"alugan,ph",12.2188,125.4808,88.43,59,100,14.92,PH,1626923695
"bluff,nz",-46.6,168.3333,49.8,58,38,8.84,NZ,1626923695
"san vicente,ph",15.2955,120.6465,79.95,87,98,7.99,PH,1626923695
"monrovia,lr",6.3005,-10.7969,76.77,81,99,5.91,LR,1626923696
"komsomolskiy,ru",43.9783,46.6985,80.29,53,48,5.88,RU,1626923696
"san policarpo,ph",12.1791,125.5072,88.34,59,100,15.21,PH,1626923696
"rio gallegos,ar",-51.6226,-69.2181,37.45,75,0,2.3,AR,1626923697
"rikitea,pf",-23.1203,-134.9692,72.86,64,1,14.54,PF,1626923697
"kaitangata,nz",-46.2817,169.8464,48.15,71,75,7.25,NZ,1626923697
"kargil,in",34.5667,76.1,53.2,57,91,1.54,IN,1626923698
"zhigansk,ru",66.7697,123.3711,67.39,45,95,2.66,RU,1626923698
"cherepanovo,ru",54.2222,83.381,70.93,61,3,9.66,RU,1626923698
"yara,cu",20.2753,-76.9533,77.14,88,30,2.17,CU,1626923699
"sistranda,no",63.7256,8.834,54.9,92,100,28.9,NO,1626923699
"krasnoye,ru",52.8645,38.7935,55.92,89,2,10.56,RU,1626923699
"lufilufi,ws",-13.8745,-171.5986,87.58,77,18,19.64,WS,1626923700
"christchurch,nz",-43.5333,172.6333,48.9,90,90,8.99,NZ,1626923700
"pop,uz",40.8736,71.1089,79.29,32,0,3.6,UZ,1626923701
"adria,it",45.0564,12.0578,74.95,81,100,6.49,IT,1626923701
"rocha,uy",-34.4833,-54.3333,45.43,87,100,6.11,UY,1626923701
"vaitape,pf",-16.5167,-151.75,79.2,76,14,16.84,PF,1626923702
"bambanglipuro,id",-7.95,110.2833,82.9,67,67,9.53,ID,1626923702
"zhanakorgan,kz",43.9098,67.2495,85.19,29,0,10.11,KZ,1626923703
"cremona,it",45.2333,9.9333,75.78,90,35,6.04,IT,1626923703
"hobart,au",-42.8794,147.3294,57.25,60,75,3.0,AU,1626923623
"kirensk,ru",57.7853,108.1119,78.51,49,79,4.83,RU,1626923703
"erzin,ru",50.261,95.1623,82.72,26,69,6.42,RU,1626923704
"sitka,us",57.0531,-135.33,57.09,77,90,5.75,US,1626923603
"huarmey,pe",-10.0681,-78.1522,63.93,85,28,8.48,PE,1626923705
"ushuaia,ar",-54.8,-68.3,37.06,75,90,2.3,AR,1626923705
"haines junction,ca",60.7522,-137.5108,66.15,45,94,9.22,CA,1626923705
"bubaque,gw",11.2833,-15.8333,80.69,81,98,13.38,GW,1626923706
"rawson,ar",-43.3002,-65.1023,52.66,63,100,10.2,AR,1626923706
"robertson,za",-33.8034,19.8854,43.25,95,100,4.85,ZA,1626923706
"tefe,br",-3.3542,-64.7114,78.49,70,100,0.04,BR,1626923707
"mujiayingzi,cn",42.1167,118.7833,73.42,74,100,5.64,CN,1626923707
"zagreb,hr",45.8131,15.9775,61.9,79,0,0.0,HR,1626923707
"lompoc,us",34.6391,-120.4579,72.21,80,1,11.5,US,1626923657
"san felipe,mx",21.4833,-101.2167,61.54,83,100,6.4,MX,1626923708
"manokwari,id",-0.8667,134.0833,82.63,72,92,9.08,ID,1626923708
"deep river,ca",46.1001,-77.4995,57.94,72,51,4.65,CA,1626923708
"kargasok,ru",59.0556,80.8572,75.58,54,71,8.81,RU,1626923709
"kayerkan,ru",69.3497,87.7602,62.31,47,100,13.73,RU,1626923709
"tura,ru",64.2833,100.25,69.04,42,52,3.56,RU,1626923709
"san angelo,us",31.4638,-100.437,81.54,58,1,1.01,US,1626923505
"ashland,us",40.8167,-82.2665,61.83,90,11,5.55,US,1626923511
"busselton,au",-33.65,115.3333,56.05,66,91,4.68,AU,1626923501
"male,mv",4.1748,73.5089,83.28,73,98,15.68,MV,1626923710
"choma,zm",-16.8065,26.9531,51.91,32,0,6.29,ZM,1626923710
"igarka,ru",67.4667,86.5833,63.34,61,100,18.9,RU,1626923710
"magway,mm",20.15,94.9167,79.27,87,98,14.63,MM,1626923711
"port augusta,au",-32.5,137.7667,53.74,43,98,28.3,AU,1626923711
"seymchan,ru",62.8833,152.4333,69.98,70,100,15.41,RU,1626923711
"hermanus,za",-34.4187,19.2345,44.91,69,40,13.65,ZA,1626923712
"grootfontein,na",-19.5667,18.1167,44.53,58,0,8.34,NA,1626923712
"bambous virieux,mu",-20.3428,57.7575,67.21,94,75,6.91,MU,1626923712
"chingirlau,kz",51.095,54.0814,80.91,42,66,7.38,KZ,1626923713
"semirom,ir",31.4167,51.5667,70.21,24,6,1.48,IR,1626923713
"ylivieska,fi",64.0833,24.55,58.32,91,100,9.44,FI,1626923713
"chuy,uy",-33.6971,-53.4616,46.9,80,99,4.52,UY,1626923714
"victoria,sc",-4.6167,55.45,74.46,88,75,17.27,SC,1626923714
"along,in",28.1667,94.7667,84.49,75,80,1.36,IN,1626923715
"khatanga,ru",71.9667,102.5,53.19,90,100,3.87,RU,1626923637
"soyo,ao",-6.1349,12.3689,69.51,89,11,4.99,AO,1626923659
"bathsheba,bb",13.2167,-59.5167,81.21,83,20,18.41,BB,1626923715
"chokurdakh,ru",70.6333,147.9167,52.74,61,99,7.45,RU,1626923653
"poum,nc",-20.2333,164.0167,72.46,62,2,9.35,NC,1626923715
"norman wells,ca",65.282,-126.8329,79.56,39,42,4.65,CA,1626923493
"amuntai,id",-2.4177,115.2494,86.18,60,96,2.1,ID,1626923716
"necochea,ar",-38.5473,-58.7368,46.69,74,100,10.54,AR,1626923716
"consett,gb",54.854,-1.8316,58.17,92,2,1.61,GB,1626923716
"elko,us",41.0002,-115.5012,86.02,21,95,3.0,US,1626923716
"touros,br",-5.1989,-35.4608,74.3,86,19,13.4,BR,1626923658
"grandview,us",38.8858,-94.533,77.59,78,1,1.01,US,1626923717
"srednekolymsk,ru",67.45,153.6833,66.51,53,100,5.19,RU,1626923717
"nikolskoye,ru",59.7035,30.7861,58.78,76,46,5.53,RU,1626923626
"san patricio,mx",19.2167,-104.7,80.58,88,100,3.78,MX,1626923717
"enumclaw,us",47.2043,-121.9915,68.45,58,35,1.01,US,1626923718
"namatanai,pg",-3.6667,152.4333,83.05,75,69,3.83,PG,1626923718
"cherskiy,ru",68.75,161.3,65.64,49,77,3.15,RU,1626923718
"launceston,au",-41.45,147.1667,53.24,79,90,3.0,AU,1626923549
"imbituba,br",-28.24,-48.6703,56.82,82,0,3.06,BR,1626923719
"arica,cl",-18.475,-70.3042,61.03,77,90,4.61,CL,1626923680
"kapit,my",2.0167,112.9333,87.62,59,100,1.1,MY,1626923719
"kyshtovka,ru",56.555,76.6271,71.55,67,71,7.92,RU,1626923719
"arraial do cabo,br",-22.9661,-42.0278,67.39,78,100,7.92,BR,1626923530
"gumdag,tm",39.2061,54.5906,90.23,18,20,15.41,TM,1626923720
"albany,au",-35.0169,117.8917,54.03,82,90,11.5,AU,1626923720
"amga,ru",60.8953,131.9608,75.94,46,58,9.22,RU,1626923720
"valdivia,cl",-39.8142,-73.2459,47.57,98,100,0.72,CL,1626923721
"jumla,np",29.2747,82.1838,68.34,83,98,1.3,NP,1626923721
"portland,au",-38.3333,141.6,51.24,64,100,14.58,AU,1626923722
"laizhou,cn",37.1717,119.9214,86.29,55,100,3.47,CN,1626923722
"qasigiannguit,gl",68.8193,-51.1922,43.05,94,89,1.1,GL,1626923722
"urucui,br",-7.2294,-44.5561,79.47,42,21,8.77,BR,1626923722
"muzhi,ru",65.3667,64.6667,57.99,62,52,13.71,RU,1626923723
"isangel,vu",-19.55,169.2667,77.29,79,59,6.22,VU,1626923723
"sao joao da barra,br",-21.6403,-41.0511,66.25,84,100,4.79,BR,1626923723
"mareeba,au",-17.0,145.4333,81.32,53,62,5.46,AU,1626923657
"kysyl-syr,ru",63.8986,122.7617,77.68,48,83,6.62,RU,1626923723
"cabedelo,br",-6.9811,-34.8339,72.27,81,38,15.21,BR,1626923724
"calama,cl",-22.4667,-68.9333,46.89,9,0,20.71,CL,1626923724
"pangnirtung,ca",66.1451,-65.7125,41.41,87,97,4.0,CA,1626923725
"atagay,ru",55.1033,99.3875,69.64,70,91,5.26,RU,1626923725
"pouebo,nc",-20.4,164.5667,76.17,51,1,9.08,NC,1626923725
"lincoln,nz",-43.65,172.4833,48.02,88,75,19.57,NZ,1626923726
"muravlenko,ru",63.7898,74.523,61.03,92,100,15.79,RU,1626923726
"chara,ru",56.9064,118.2631,73.33,53,99,0.27,RU,1626923726
"glendive,us",47.1053,-104.7125,88.48,40,1,11.5,US,1626923726
"igrim,ru",63.1906,64.4162,61.21,69,36,8.46,RU,1626923727
"anuchino,ru",43.9622,133.0544,91.35,53,90,1.34,RU,1626923727
"benjamin constant,br",-4.3831,-70.0311,73.53,77,52,1.57,BR,1626923727
"takoradi,gh",4.8845,-1.7554,74.89,84,56,8.55,GH,1626923728
"abonnema,ng",4.7084,6.7931,75.52,86,100,4.54,NG,1626923728
"cockburn town,bs",24.0333,-74.5167,81.99,77,0,13.85,BS,1626923728
"tahoua,ne",14.8888,5.2692,83.66,54,80,7.02,NE,1626923729
"hilo,us",19.7297,-155.09,78.53,79,75,6.91,US,1626923620
"aksu,cn",41.1231,80.2644,63.72,88,100,4.36,CN,1626923729
"gold coast,au",-28.0,153.4333,69.78,54,0,3.0,AU,1626923729
"punta arenas,cl",-53.15,-70.9167,33.91,93,40,4.61,CL,1626923494
"sabzevar,ir",36.2126,57.6819,72.68,33,20,0.0,IR,1626923730
"zhicheng,cn",30.2956,111.5047,87.08,73,100,5.86,CN,1626923730
"bryan,us",30.6744,-96.37,78.13,89,1,0.0,US,1626923731
"leningradskiy,ru",69.3833,178.4167,39.29,75,100,5.61,RU,1626923731
"shurugwi,zw",-19.6702,30.0059,46.42,46,0,1.3,ZW,1626923732
"pudozh,ru",61.8099,36.5345,55.44,65,92,5.26,RU,1626923732
"imeni poliny osipenko,ru",52.4201,136.4853,91.76,42,80,3.13,RU,1626923732
"luderitz,na",-26.6481,15.1594,51.96,39,4,14.38,NA,1626923733
"iranshahr,ir",27.2025,60.6848,88.14,40,20,0.0,IR,1626923733
"wattegama,lk",6.7989,81.4808,82.11,63,100,9.62,LK,1626923733
"harnosand,se",62.6323,17.9379,60.8,62,100,18.34,SE,1626923734
"aguimes,es",27.9054,-15.4461,66.83,68,20,24.16,ES,1626923734
"vichuga,ru",57.2128,41.9301,55.4,80,96,9.75,RU,1626923734
"hithadhoo,mv",-0.6,73.0833,82.26,73,100,12.66,MV,1626923735
"kribi,cm",2.95,9.9167,75.79,88,94,6.38,CM,1626923735
"lujan,ar",-34.5703,-59.105,54.99,70,99,7.76,AR,1626923735
"taoudenni,ml",22.6783,-3.9836,98.8,22,68,12.08,ML,1626923735
"yokadouma,cm",3.5167,15.05,69.55,89,100,1.88,CM,1626923736
"treinta y tres,uy",-33.2333,-54.3833,44.87,76,76,4.14,UY,1626923736
"port lincoln,au",-34.7333,135.8667,46.96,87,100,12.39,AU,1626923736
"pacific grove,us",36.6177,-121.9166,74.28,84,20,3.0,US,1626923464
"brae,gb",60.3964,-1.353,51.71,93,0,12.15,GB,1626923632
"saskylakh,ru",71.9167,114.0833,64.85,51,100,17.22,RU,1626923737
"leeton,au",-34.5667,146.4,52.9,58,99,10.96,AU,1626923737
"yulara,au",-25.2406,130.9889,75.04,29,0,20.71,AU,1626923737
"naranjal,py",-25.9667,-55.1833,55.11,54,0,2.04,PY,1626923738
"misratah,ly",32.3754,15.0925,77.68,71,0,5.7,LY,1626923688
"salinas,ec",-2.2167,-80.9667,71.56,83,40,13.8,EC,1626923738
"grindavik,is",63.8424,-22.4338,55.56,100,90,12.66,IS,1626923739
"imphal,in",24.8167,93.95,75.11,88,75,3.44,IN,1626923739
"saint-francois,gp",16.2526,-61.2741,78.76,82,52,15.82,GP,1626923739
"rancho palos verdes,us",33.7445,-118.387,89.67,86,20,1.01,US,1626923659
"diffa,ne",13.3154,12.6113,83.03,60,31,10.69,NE,1626923740
"vadso,no",70.0744,29.7487,45.48,87,75,19.57,NO,1626923740
"mahebourg,mu",-20.4081,57.7,67.24,94,75,6.91,MU,1626923740
"goure,ne",13.9835,10.2704,81.39,60,48,8.41,NE,1626923741
"mandalgovi,mn",45.7625,106.2708,68.9,51,36,12.71,MN,1626923741
"abancay,pe",-13.6339,-72.8814,52.25,92,9,2.64,PE,1626923741
"cabo san lucas,mx",22.8909,-109.9124,89.82,69,0,10.36,MX,1626923742
"acarau,br",-2.8856,-40.12,77.88,85,3,16.15,BR,1626923742
"bilma,ne",18.6853,12.9164,89.8,37,67,8.81,NE,1626923742
"dikson,ru",73.5069,80.5464,49.55,67,100,13.73,RU,1626923742
"lavrentiya,ru",65.5833,-171.0,38.64,81,100,8.9,RU,1626923743
"wroclaw,pl",51.1,17.0333,65.98,79,0,1.01,PL,1626923638
"los llanos de aridane,es",28.6585,-17.9182,65.95,82,0,16.11,ES,1626923743
"itapora,br",-22.0799,-54.7874,58.41,32,0,5.17,BR,1626923744
"kenai,us",60.5544,-151.2583,59.02,92,90,10.36,US,1626923744
"chhabra,in",24.6667,76.8333,81.72,78,100,8.39,IN,1626923744
"cordoba,es",38.0,-4.8333,73.13,40,0,2.3,ES,1626923744
"bardiyah,ly",31.7561,25.0865,76.82,82,0,15.82,LY,1626923745
"san carlos del zulia,ve",9.0,-71.9135,77.63,72,35,5.21,VE,1626923745
"aljezur,pt",37.3191,-8.8033,61.45,87,1,8.9,PT,1626923746
"ahuimanu,us",21.4447,-157.8378,82.11,68,75,14.97,US,1626923746
"newport,us",41.4901,-71.3128,73.58,72,75,8.05,US,1626923552
"quang ngai,vn",15.1167,108.8,85.05,63,100,1.72,VN,1626923579
"xai-xai,mz",-25.0519,33.6442,65.35,84,3,8.03,MZ,1626923746
"dhuburi,in",26.0333,89.9667,84.76,82,100,5.84,IN,1626923746
"deputatskiy,ru",69.3,139.9,55.35,66,100,8.19,RU,1626923747
"lagoa,pt",39.05,-27.9833,66.74,74,100,15.82,PT,1626923747
"skjervoy,no",70.0311,20.9714,47.32,80,100,21.43,NO,1626923747
"souillac,mu",-20.5167,57.5167,67.35,72,56,16.35,MU,1626923489
"roald,no",62.5833,6.1333,57.25,88,90,18.41,NO,1626923586
"luanda,ao",-8.8368,13.2343,67.68,93,8,6.49,AO,1626923489
"buluang,ph",13.3068,123.3425,82.8,86,82,18.57,PH,1626923748
"arlit,ne",18.7369,7.3853,89.85,32,53,9.22,NE,1626923748
"svobodnyy,ru",51.4,128.1333,88.66,60,98,8.28,RU,1626923748
"port hedland,au",-20.3167,118.5667,84.25,42,9,11.5,AU,1626923749
"tazovskiy,ru",67.4667,78.7,58.87,90,100,25.28,RU,1626923749
"solnechnyy,ru",50.7214,136.6319,89.56,47,64,4.45,RU,1626923749
"bar harbor,us",44.3876,-68.2039,65.01,92,90,3.0,US,1626923750
"zhangye,cn",38.9342,100.4517,86.41,31,15,5.48,CN,1626923750
"merke,kz",42.8728,73.1786,82.2,31,0,5.28,KZ,1626923750
"mouila,ga",-1.8685,11.0559,69.82,87,74,1.81,GA,1626923751
"kieta,pg",-6.2167,155.6333,83.23,77,82,7.4,PG,1626923751
"mishkino,ru",55.3389,63.9175,70.11,82,74,4.09,RU,1626923751
"srandakan,id",-7.9386,110.2506,82.96,67,69,9.64,ID,1626923700
"gasa,bt",27.9037,89.7269,65.91,75,100,6.06,BT,1626923752
"georgetown,sh",-7.9333,-14.4167,76.95,73,100,18.61,SH,1626923752
"jaciara,br",-15.9653,-54.9683,68.43,34,0,2.62,BR,1626923752
"sann,pk",26.0418,68.1378,91.87,49,0,5.93,PK,1626923753
"jalu,ly",29.0331,21.5482,78.75,56,2,10.51,LY,1626923753
"iquitos,pe",-3.7481,-73.2472,73.44,94,40,0.0,PE,1626923685
"yellowknife,ca",62.456,-114.3525,71.29,60,13,13.0,CA,1626923570
"camana,pe",-16.6228,-72.7111,61.09,85,8,6.35,PE,1626923753
"klaksvik,fo",62.2266,-6.589,52.72,93,22,12.88,FO,1626923754
"bin qirdan,tn",33.1378,11.2197,76.48,68,0,3.44,TN,1626923754
"ngerengere,tz",-6.75,38.1167,66.65,95,28,1.88,TZ,1626923754
"okhotsk,ru",59.3833,143.3,56.7,91,100,8.7,RU,1626923755
"ndago,tz",-4.6,34.35,60.55,66,5,12.44,TZ,1626923755
"punta umbria,es",37.1821,-6.9661,73.24,47,0,5.77,ES,1626923755
"jonuta,mx",18.0833,-92.1333,79.0,79,2,7.02,MX,1626923756
"saint simons,us",31.1352,-81.3901,80.65,92,1,6.91,US,1626923756
"teya,ru",60.3778,92.6267,66.76,61,0,4.0,RU,1626923756
"neuquen,ar",-38.9516,-68.0591,39.09,87,100,0.0,AR,1626923757
"tanete,id",-3.9443,119.7848,74.19,97,100,3.74,ID,1626923757
"sawtell,au",-30.3833,153.1,65.19,52,2,9.22,AU,1626923757
"ceres,za",-33.3689,19.311,39.7,90,82,2.73,ZA,1626923758
"mitchell,us",43.7094,-98.0298,78.78,64,1,11.99,US,1626923694
"naze,jp",28.3667,129.4833,81.52,90,100,28.66,JP,1626923758
"naliya,in",23.2667,68.8333,83.86,79,75,20.85,IN,1626923758
"upernavik,gl",72.7868,-56.1549,42.58,87,100,10.74,GL,1626923601
"inhambane,mz",-23.865,35.3833,66.24,72,0,10.0,MZ,1626923759
"padang,id",-0.9492,100.3543,84.27,64,84,3.62,ID,1626923759
"victor harbor,au",-35.5667,138.6167,47.71,93,100,1.01,AU,1626923759
"carnarvon,au",-24.8667,113.6333,68.22,56,3,10.92,AU,1626923467
"san pedro,bz",17.916,-87.9659,84.06,78,4,21.74,BZ,1626923476
"ambilobe,mg",-13.2,49.05,66.15,78,0,4.99,MG,1626923760
"bredasdorp,za",-34.5322,20.0403,41.29,89,66,7.99,ZA,1626923500
"mnogovershinnyy,ru",53.9353,139.9242,83.84,47,75,13.73,RU,1626923760
"shimonoseki,jp",33.95,130.95,92.28,70,75,12.66,JP,1626923761
"palu,id",-0.8917,119.8707,80.58,83,100,1.39,ID,1626923761
"ossora,ru",59.2353,163.0719,62.76,70,100,6.22,RU,1626923761
"venado tuerto,ar",-33.7456,-61.9688,49.89,55,22,9.35,AR,1626923761
"soe,id",-9.8607,124.284,81.32,33,97,7.87,ID,1626923762
"hoyanger,no",61.2204,6.0749,54.79,87,0,1.9,NO,1626923762
"severo-kurilsk,ru",50.6789,156.125,53.62,89,77,3.94,RU,1626923762
"kushiro,jp",42.975,144.3747,70.75,88,75,11.5,JP,1626923763
"qaanaaq,gl",77.484,-69.3632,38.84,97,100,11.86,GL,1626923763
"shevchenkove,ua",49.6959,37.1735,65.98,83,100,12.44,UA,1626923763
"waipawa,nz",-41.4122,175.5153,53.02,93,61,11.65,NZ,1626923764
"dzilam gonzalez,mx",21.2833,-88.9333,83.64,63,29,8.3,MX,1626923764
"fortuna,us",40.5982,-124.1573,60.91,76,2,3.0,US,1626923764
"kalmunai,lk",7.4167,81.8167,85.01,57,100,13.15,LK,1626923604
"tuktoyaktuk,ca",69.4541,-133.0374,60.8,94,75,9.22,CA,1626923493
"sfantu gheorghe,ro",45.8667,25.7833,57.92,85,97,3.56,RO,1626923765
"dvinskoy,ru",62.1535,45.1175,51.35,56,89,2.39,RU,1626923765
"dwarka,in",22.2394,68.9678,83.57,83,99,25.01,IN,1626923766
"tiarei,pf",-17.5333,-149.3333,82.42,76,21,14.18,PF,1626923766
"adzope,ci",6.1069,-3.8619,69.57,97,71,2.48,CI,1626923766
"manjacaze,mz",-24.7117,33.8828,57.79,83,0,4.52,MZ,1626923767
"buchanan,lr",5.8808,-10.0467,76.96,83,100,5.55,LR,1626923767
"ostrovskoye,ru",57.8057,42.2433,53.71,81,48,7.38,RU,1626923767
"sao mateus,br",-18.7161,-39.8589,64.67,90,8,1.43,BR,1626923768
"almeria,es",37.1667,-2.3333,74.77,38,0,2.66,ES,1626923768
"kruisfontein,za",-34.0033,24.7314,42.89,74,98,30.89,ZA,1626923768
"kavieng,pg",-2.5744,150.7967,84.06,71,95,6.22,PG,1626923769
"da nang,vn",16.0678,108.2208,94.98,46,75,8.05,VN,1626923769
"vestmannaeyjar,is",63.4427,-20.2734,53.02,94,100,4.36,IS,1626923769
"smithers,ca",54.7804,-127.1743,60.39,59,95,6.31,CA,1626923704
"alofi,nu",-19.0595,-169.9187,78.69,78,75,17.27,NU,1626923769
"kapaa,us",22.0752,-159.319,80.19,80,90,4.0,US,1626923770
"kirchzarten,de",47.9667,7.95,62.42,90,5,2.17,DE,1626923770
"bosaso,so",11.2842,49.1816,88.56,42,34,25.28,SO,1626923770
"saint george,bm",32.3817,-64.6781,80.74,85,20,16.11,BM,1626923740
"zachary,us",30.6485,-91.1565,82.27,78,40,12.66,US,1626923771
"loandjili,cg",-4.7561,11.8578,69.57,89,37,5.28,CG,1626923771
"tral,in",33.9333,75.1,68.18,75,98,2.26,IN,1626923771
"esil,kz",51.9556,66.4042,76.12,42,70,11.7,KZ,1626923772
"brynmawr,gb",51.8,-3.1833,65.28,90,2,3.4,GB,1626923772
"antri,in",26.0567,78.2144,86.43,67,77,1.28,IN,1626923772
"barcelos,br",-0.9747,-62.9242,73.09,96,28,0.92,BR,1626923772
"iqaluit,ca",63.7506,-68.5145,42.53,86,75,5.99,CA,1626923773
"sechura,pe",-5.5569,-80.8222,66.34,79,1,11.48,PE,1626923773
"kidal,ml",18.4411,1.4078,83.95,53,100,2.51,ML,1626923773
"wajima,jp",37.4,136.9,82.45,76,19,10.2,JP,1626923695
"blagoyevo,ru",63.3667,47.9167,51.15,57,79,4.14,RU,1626923774
"caravelas,br",-17.7125,-39.2481,68.58,78,0,4.32,BR,1626923774
"tottori,jp",35.5,134.2333,91.4,74,40,5.75,JP,1626923775
"bandarbeyla,so",9.4942,50.8122,80.8,66,21,20.65,SO,1626923775
"mopipi,bw",-21.1833,24.8833,46.6,21,0,8.77,BW,1626923475
"red bluff,us",40.1785,-122.2358,94.69,18,1,6.91,US,1626923775
"balabac,ph",7.9868,117.0645,85.8,72,100,16.58,PH,1626923775
"shizunai,jp",42.3339,142.3669,71.69,83,100,5.17,JP,1626923776
"mbekenyera,tz",-10.0,38.9833,64.11,96,18,2.91,TZ,1626923776
"dandong,cn",40.1292,124.3947,87.15,65,100,3.0,CN,1626923776
"anadyr,ru",64.75,177.4833,59.5,58,20,8.95,RU,1626923701
"kamenka,ru",51.3223,42.7678,64.29,93,100,10.56,RU,1626923777
"mastic beach,us",40.7668,-72.8521,73.6,84,1,1.01,US,1626923777
"katherine,au",-14.4667,132.2667,88.12,11,98,5.75,AU,1626923777
"oktyabrskiy,ru",54.4815,53.471,72.27,54,11,4.21,RU,1626923778
"danielskuil,za",-28.1887,23.5395,28.04,78,2,8.48,ZA,1626923778
"coquimbo,cl",-29.9533,-71.3436,49.73,93,90,3.44,CL,1626923585
"santiago del estero,ar",-27.7951,-64.2615,54.81,31,4,8.75,AR,1626923779
"new norfolk,au",-42.7826,147.0587,56.91,69,99,7.0,AU,1626923640
"maniitsoq,gl",65.4167,-52.9,42.62,82,95,8.86,GL,1626923779
"carmen,cr",9.8728,-83.9211,66.96,84,100,3.83,CR,1626923779
"vilhena,br",-12.7406,-60.1458,67.14,47,0,2.66,BR,1626923779
"aklavik,ca",68.2191,-135.0107,85.03,30,64,11.79,CA,1626923780
"barrow,us",71.2906,-156.7887,37.42,87,90,19.57,US,1626923780
"pevek,ru",69.7008,170.3133,43.25,68,2,7.43,RU,1626923615
"madang,pg",-5.2246,145.7966,83.44,78,84,5.1,PG,1626923780
"yima,cn",34.7381,111.8839,73.53,95,100,7.07,CN,1626923781
"curuca,br",-0.7289,-47.8481,73.44,97,27,4.81,BR,1626923781
"hamilton,bm",32.2915,-64.778,81.0,88,20,8.01,BM,1626923781
"santa fe,cu",23.1292,-82.2613,79.0,85,26,8.14,CU,1626923782
"lorengau,pg",-2.0226,147.2712,84.22,71,100,5.55,PG,1626923591
"mugur-aksy,ru",50.35,90.5,67.33,44,100,3.58,RU,1626923782
"sandwick,gb",60.0,-1.25,51.62,100,90,10.36,GB,1626923782
"ha tinh,vn",18.3333,105.9,79.3,85,100,9.73,VN,1626923783
"zhuhai,cn",22.2769,113.5678,89.98,84,40,6.91,CN,1626923783
"potosi,bo",-19.5836,-65.7531,40.51,63,70,3.36,BO,1626923783
"itarema,br",-2.9248,-39.9167,77.86,84,3,14.99,BR,1626923784
"butaritari,ki",3.0707,172.7902,83.23,73,24,12.19,KI,1626923493
"tsaratanana,mg",-16.7833,47.65,65.35,75,15,12.03,MG,1626923784
"jesus del monte,mx",19.1081,-99.9944,53.87,92,98,7.38,MX,1626923784
"whitehorse,ca",60.7161,-135.0538,65.17,59,75,8.99,CA,1626923785
"provideniya,ru",64.3833,-173.3,51.91,66,75,11.18,RU,1626923602
"ziro,in",27.6333,93.8333,63.34,66,95,0.74,IN,1626923785
"shelburne,ca",44.0787,-80.2041,61.52,63,1,8.3,CA,1626923708
"ust-tsilma,ru",65.441,52.1498,48.34,77,33,5.21,RU,1626923786
"ailigandi,pa",9.2333,-78.0167,81.86,85,87,5.66,PA,1626923786
"rongcheng,cn",30.634,117.8517,87.89,59,23,6.46,CN,1626923786
"northam,au",-31.6667,116.6667,57.22,65,4,3.87,AU,1626923787
"strelka,ru",58.0728,93.0344,70.7,56,28,4.47,RU,1626923787
"aksarka,ru",66.5606,67.7975,63.21,58,72,13.35,RU,1626923787
"yar-sale,ru",66.8333,70.8333,61.32,67,4,12.55,RU,1626923787
"lamar,us",33.6668,-95.5836,78.53,78,1,4.61,US,1626923749
"baie-comeau,ca",49.2168,-68.1489,58.1,89,97,2.35,CA,1626923518
"teguise,es",29.0605,-13.564,66.42,78,0,19.57,ES,1626923788
"port elizabeth,za",-33.918,25.5701,45.1,87,75,29.93,ZA,1626923583
"culpeper,us",38.5004,-77.9664,76.91,68,40,1.99,US,1626923788
"hami,cn",42.8,93.45,94.35,16,35,2.64,CN,1626923789
"broken hill,au",-31.95,141.4333,41.95,84,100,24.0,AU,1626923789
"lebu,cl",-37.6167,-73.65,50.7,92,100,4.05,CL,1626923630
"nome,us",64.5011,-165.4064,49.15,76,75,17.27,US,1626923789
"zyryanka,ru",65.75,150.85,55.35,95,100,13.65,RU,1626923790
"new richmond,ca",48.1651,-65.8656,57.58,95,100,4.97,CA,1626923790
"vao,nc",-22.6667,167.4833,70.95,67,99,13.11,NC,1626923790
"flinders,au",-34.5833,150.8552,65.05,53,1,4.0,AU,1626923791
"great yarmouth,gb",52.6083,1.7305,60.94,91,0,5.06,GB,1626923791
"puerto suarez,bo",-18.95,-57.8,67.14,26,95,2.33,BO,1626923791
"nakhon ratchasima,th",15.0,102.1667,90.91,91,75,11.5,TH,1626923792
"riorges,fr",46.0418,4.0497,60.98,90,38,0.56,FR,1626923792
"oranjemund,na",-28.55,16.4333,50.76,68,4,11.3,NA,1626923792
"hualmay,pe",-11.0964,-77.6139,63.0,84,11,9.44,PE,1626923793
"dudinka,ru",69.4058,86.1778,65.48,49,100,19.19,RU,1626923793
"tiznit,ma",29.5833,-9.5,85.44,27,6,6.71,MA,1626923793
"nanortalik,gl",60.1432,-45.2371,42.73,99,100,12.19,GL,1626923794
"hambantota,lk",6.1241,81.1185,81.99,74,100,20.27,LK,1626923602
"derbent,ru",42.0678,48.2899,84.31,55,66,3.31,RU,1626923794
"bucarasica,co",8.041,-72.8654,67.41,77,97,3.56,CO,1626923794
"carahue,cl",-38.7,-73.1667,48.4,95,100,0.83,CL,1626923795
"champerico,gt",14.3,-91.9167,83.03,77,50,3.2,GT,1626923794
"luganville,vu",-15.5333,167.1667,82.51,70,41,7.92,VU,1626923795
"sur,om",22.5667,59.5289,93.72,52,61,8.57,OM,1626923510
"trinidad,cu",21.8019,-79.9842,79.11,86,1,4.52,CU,1626923795
"east london,za",-33.0153,27.9116,47.34,66,0,16.11,ZA,1626923795
"esperance,au",-33.8667,121.9,56.77,57,68,17.02,AU,1626923796
"celestun,mx",20.8667,-90.4,82.96,77,1,12.84,MX,1626923796
"salumbar,in",24.1333,74.05,87.28,67,61,12.86,IN,1626923797
"oktyabrskoye,ru",43.0645,44.7417,73.54,68,6,6.71,RU,1626923797
"the valley,ai",18.217,-63.0578,82.26,78,2,20.6,AI,1626923521
"ereymentau,kz",51.6199,73.1033,71.98,46,0,7.61,KZ,1626923797
"sao filipe,cv",14.8961,-24.4956,76.03,87,52,5.26,CV,1626923798
"samarai,pg",-10.6167,150.6667,78.31,72,93,14.07,PG,1626923765
"mezen,ru",65.8522,44.24,50.58,67,93,8.66,RU,1626923798
"kushima,jp",31.4583,131.2333,83.71,82,100,13.58,JP,1626923798
"zyryanskoye,ru",56.8306,86.6258,70.81,68,69,1.07,RU,1626923799
"thompson,ca",55.7435,-97.8558,68.16,68,90,3.44,CA,1626923741
"beni,cd",0.5,29.4667,63.21,96,93,1.16,CD,1626923799
"mar del plata,ar",-38.0023,-57.5575,52.12,44,100,13.0,AR,1626923700
"bridlington,gb",54.0831,-0.1919,62.29,87,16,5.26,GB,1626923799
"rypefjord,no",70.6333,23.6667,45.07,100,75,10.36,NO,1626923800
"brigantine,us",39.4101,-74.3646,72.01,95,1,4.61,US,1626923800
"la ronge,ca",55.1001,-105.2842,66.92,57,0,5.37,CA,1626923625
"anloga,gh",5.7947,0.8973,77.05,79,97,13.85,GH,1626923800
"san andres,co",12.5847,-81.7006,84.22,74,75,17.27,CO,1626923801
"nemuro,jp",43.3236,145.575,79.23,91,87,9.24,JP,1626923779
"aswan,eg",24.0934,32.907,90.09,23,88,8.63,EG,1626923801
"havoysund,no",70.9963,24.6622,45.48,91,100,15.1,NO,1626923801
"aksu,kz",52.0333,76.9167,78.78,49,0,9.13,KZ,1626923802
"salalah,om",17.0151,54.0924,78.89,94,90,4.61,OM,1626923802
"nyakahanga,tz",-1.6033,31.1414,59.61,56,3,3.33,TZ,1626923802
"kassala,sd",15.451,36.4,72.86,81,98,12.71,SD,1626923802
"atar,mr",20.5169,-13.0499,84.27,16,5,7.99,MR,1626923698
"sabang,id",5.8933,95.3214,83.32,73,66,20.87,ID,1626923803
"baghdad,iq",33.3406,44.4009,87.71,27,0,6.91,IQ,1626923711
"kamogawa,jp",35.1,140.1,89.65,64,19,5.59,JP,1626923803
"plettenberg bay,za",-34.0527,23.3716,48.61,75,98,22.91,ZA,1626923803
"rundu,na",-17.9333,19.7667,47.61,49,0,6.87,NA,1626923804
"guiratinga,br",-16.3494,-53.7583,67.28,34,0,3.67,BR,1626923804
"orshanka,ru",56.9161,47.8933,60.64,73,100,4.5,RU,1626923804
"tiksi,ru",71.6872,128.8694,40.69,92,100,7.38,RU,1626923805
"acapulco,mx",16.8634,-99.8901,81.09,85,62,6.22,MX,1626923749
"martapura,id",-3.4167,114.85,77.09,88,75,6.91,ID,1626923805
"adelaide,za",-32.7075,26.2956,39.94,73,67,20.56,ZA,1626923805
"atuona,pf",-9.8,-139.0333,77.49,67,18,14.52,PF,1626923575
"ilulissat,gl",69.2167,-51.1,42.82,81,75,0.0,GL,1626923806
"severobaykalsk,ru",55.65,109.3167,63.34,62,10,2.48,RU,1626923806
"muroto,jp",33.2833,134.15,86.04,78,100,13.18,JP,1626923806
"palmerston,au",-12.486,130.9833,88.93,48,0,6.91,AU,1626923807
"capao bonito,br",-24.0058,-48.3494,45.43,75,0,4.32,BR,1626923807
"poirino,it",44.9208,7.8469,71.74,95,2,3.62,IT,1626923807
"nsunga,tz",-1.1439,31.3947,61.75,65,2,2.66,TZ,1626923808
"cayenne,gf",4.9333,-52.3333,82.09,82,0,1.01,GF,1626923808
"letterkenny,ie",54.95,-7.7333,62.13,94,99,1.79,IE,1626923808
"san alberto,py",-24.9667,-54.9,54.27,57,0,4.45,PY,1626923809
"mokhsogollokh,ru",61.4681,128.9203,79.83,35,0,9.84,RU,1626923809
"bonavista,ca",48.6499,-53.1147,51.12,90,88,11.01,CA,1626923809
"hermiston,us",45.8404,-119.2895,80.85,37,1,17.27,US,1626923790
"vanino,ru",49.0869,140.2543,77.29,73,100,5.1,RU,1626923810
"saint-philippe,re",-21.3585,55.7679,67.55,78,45,15.19,RE,1626923810
"shimoda,jp",34.6667,138.95,85.1,70,3,7.45,JP,1626923810
"tambovka,ru",50.0969,128.0489,89.71,55,82,5.86,RU,1626923811
"kodiak,us",57.79,-152.4072,54.7,87,99,6.2,US,1626923811
"ahipara,nz",-35.1667,173.1667,58.19,87,96,7.99,NZ,1626923811
"burnie,au",-41.0667,145.9167,51.93,82,100,8.21,AU,1626923811
"viedma,ar",-40.8135,-62.9967,50.65,49,100,11.61,AR,1626923812
"sao jose da laje,br",-9.0097,-36.0583,69.76,97,43,3.74,BR,1626923812
"sosnovo-ozerskoye,ru",52.5249,111.5418,56.44,98,100,7.4,RU,1626923812
"muncar,id",-8.4333,114.3333,80.78,67,94,6.62,ID,1626923813
"hasaki,jp",35.7333,140.8333,93.29,69,8,7.87,JP,1626923813
"coihaique,cl",-45.5752,-72.0662,48.15,76,0,5.75,CL,1626923813
"paita,pe",-5.0892,-81.1144,66.09,84,1,12.28,PE,1626923814
"tupancireta,br",-29.0806,-53.8358,47.73,66,0,6.49,BR,1626923814
"itupiranga,br",-5.1347,-49.3267,77.79,60,66,2.33,BR,1626923814
"gwanda,zw",-20.9333,29.0,48.45,36,0,5.14,ZW,1626923815
"carballo,es",43.213,-8.691,63.55,94,96,2.3,ES,1626923815
"bukachacha,ru",52.9833,116.9167,67.77,97,100,4.32,RU,1626923815
"sovetskaya,ru",44.7769,41.1722,75.33,91,78,5.82,RU,1626923815
"la florida,hn",14.1071,-87.168,69.39,78,40,4.61,HN,1626923816
"guymon,us",36.6828,-101.4816,73.4,64,1,9.22,US,1626923816
"ancud,cl",-41.8697,-73.8203,49.53,88,100,12.44,CL,1626923817
"aktas,kz",49.7789,72.9608,69.55,46,0,12.35,KZ,1626923817
"tzucacab,mx",20.0667,-89.05,81.05,72,1,7.09,MX,1626923817
"senneterre,ca",48.3835,-77.2328,57.42,72,5,4.23,CA,1626923818
"bandiagara,ml",14.3501,-3.6104,75.63,55,44,10.22,ML,1626923818
"pakxan,la",18.3778,103.6601,75.6,96,100,6.24,LA,1626923818
"hurricane,us",37.1753,-113.2899,91.87,53,100,6.46,US,1626923818
"mashhad,ir",36.297,59.6062,80.74,47,0,0.0,IR,1626923819
"autun,fr",46.95,4.3,57.65,97,46,2.53,FR,1626923819
"poway,us",32.9628,-117.0359,83.71,68,1,1.99,US,1626923642
"whitley bay,gb",55.0397,-1.4471,61.02,99,90,1.14,GB,1626923819
"axim,gh",4.8699,-2.2405,75.29,83,86,8.32,GH,1626923820
"vostok,ru",46.4856,135.8833,85.15,52,33,6.38,RU,1626923820
"chegdomyn,ru",51.1167,133.0167,86.31,54,95,3.69,RU,1626923820
"aldan,ru",58.6031,125.3894,68.95,62,100,0.38,RU,1626923821
"capitao poco,br",-1.7464,-47.0594,71.15,97,21,4.07,BR,1626923821
"muros,es",42.7762,-9.0603,62.69,89,32,3.98,ES,1626923821
"bengkulu,id",-3.8004,102.2655,82.78,65,72,1.14,ID,1626923537
"aripuana,br",-9.1667,-60.6333,73.13,51,0,2.64,BR,1626923821
"heihe,cn",50.2441,127.4902,90.18,58,72,5.59,CN,1626923822
"san ignacio,pe",-5.1458,-79.0014,59.92,94,43,2.64,PE,1626923822
"sangar,ru",63.9242,127.4739,74.59,49,57,7.4,RU,1626923823
"khandyga,ru",62.6667,135.6,68.22,66,99,7.56,RU,1626923823
"mahibadhoo,mv",3.7833,72.9667,83.23,75,100,15.14,MV,1626923823
"sept-iles,ca",50.2001,-66.3821,62.06,79,75,0.0,CA,1626923779
"hirara,jp",24.8,125.2833,84.47,84,75,36.82,JP,1626923824
"qandala,so",11.472,49.8728,87.48,52,31,20.11,SO,1626923824
"san cristobal,ec",-0.9045,-89.6174,73.53,88,99,13.38,EC,1626923824
"peniche,pt",39.3558,-9.3811,63.88,89,8,10.87,PT,1626923825
"tezu,in",27.9167,96.1667,89.78,60,70,2.44,IN,1626923825
"gambela,et",8.25,34.5833,67.62,89,99,3.02,ET,1626923825
"sokode,tg",8.9833,1.1333,69.12,87,83,2.68,TG,1626923826
"constitucion,mx",23.9912,-104.6749,69.13,70,100,6.67,MX,1626923826
"yining,cn",29.0361,114.5636,92.61,50,15,2.93,CN,1626923826
"gandorhun,sl",7.5,-11.8333,74.32,88,100,2.21,SL,1626923827
"karratha,au",-20.7377,116.8463,81.36,38,7,11.3,AU,1626923804
"kindu,cd",-2.95,25.95,71.24,47,0,2.28,CD,1626923827
"vardo,no",70.3705,31.1107,44.8,89,100,17.07,NO,1626923827
"marrakesh,ma",31.6315,-8.0083,80.67,44,20,4.61,MA,1626923828
"severnyy,ru",50.677,36.5532,62.64,88,0,8.95,RU,1626923828
"chicama,pe",-7.8447,-79.1469,64.72,85,27,6.4,PE,1626923828
"saldanha,za",-33.0117,17.9442,39.25,64,48,14.09,ZA,1626923793
"saint-georges,gf",3.9,-51.8,73.36,98,50,1.99,GF,1626923829
"baykit,ru",61.67,96.37,69.12,65,48,1.57,RU,1626923829
"college,us",64.8569,-147.8028,80.55,41,75,6.91,US,1626923829
"xinxiang,cn",35.3089,113.8672,76.14,90,100,9.53,CN,1626923829
"midrand,za",-25.9636,28.1378,41.7,38,0,5.75,ZA,1626923830
"sakakah,sa",29.9697,40.2064,85.57,28,0,6.46,SA,1626923830
"dingle,ie",52.1408,-10.2689,64.99,79,98,6.91,IE,1626923830
"ostrovnoy,ru",68.0531,39.5131,47.95,78,100,7.07,RU,1626923831
"torbay,ca",47.6666,-52.7314,50.76,98,90,13.8,CA,1626923831
"porto santo,pt",33.072,-16.3415,70.18,83,40,11.5,PT,1626923831
"intipuca,sv",13.1969,-88.0544,85.95,62,5,3.44,SV,1626923831
"hudiksvall,se",61.729,17.1036,55.09,67,49,5.14,SE,1626923832
"avarua,ck",-21.2078,-159.775,78.85,73,20,5.75,CK,1626923832
"kendari,id",-3.945,122.4989,82.81,68,97,0.69,ID,1626923748
"labuhan,id",-6.8844,112.2051,84.81,62,88,3.83,ID,1626923833
"hervey bay,au",-25.2986,152.8535,67.01,53,5,1.01,AU,1626923584
"asbe teferi,et",9.0833,40.8667,60.03,81,93,4.14,ET,1626923833
"pahrump,us",36.2083,-115.9839,97.25,24,90,1.01,US,1626923639
"ribeira grande,pt",38.5167,-28.7,67.89,72,36,13.47,PT,1626923833
"san luis,ar",-33.295,-66.3356,53.58,34,100,4.97,AR,1626923834
"merauke,id",-8.4667,140.3333,81.64,72,66,15.46,ID,1626923834
"ixtapa,mx",20.7,-105.2,79.97,93,100,0.6,MX,1626923834
"eureka,us",40.8021,-124.1637,61.18,77,2,1.99,US,1626923732
"preobrazheniye,ru",42.9019,133.9064,82.63,75,32,7.67,RU,1626923835
"licata,it",37.1071,13.9461,80.08,60,0,4.65,IT,1626923835
"padampur,in",29.6833,73.6167,88.79,60,60,6.58,IN,1626923835
"port keats,au",-14.25,129.55,87.58,19,100,5.08,AU,1626923799
"wittlich,de",49.9833,6.8833,62.82,84,1,0.0,DE,1626923836
"vila franca do campo,pt",37.7167,-25.4333,66.61,78,77,5.79,PT,1626923836
"puerto ayora,ec",-0.7393,-90.3518,71.55,93,99,7.0,EC,1626923836
"aykhal,ru",66.0,111.5,67.69,62,25,9.55,RU,1626923837
"antsohihy,mg",-14.8796,47.9875,71.11,64,0,9.91,MG,1626923837
"puerto madero,mx",14.7208,-92.4215,83.39,75,44,1.3,MX,1626923837
"kamaishi,jp",39.2667,141.8833,83.35,87,100,6.06,JP,1626923838
"margate,za",-30.8636,30.3705,53.67,45,2,13.29,ZA,1626923838
"bonthe,sl",7.5264,-12.505,77.61,79,100,5.03,SL,1626923839
"klyuchi,ru",52.2667,79.1667,73.22,51,0,9.64,RU,1626923839
"grand gaube,mu",-20.0064,57.6608,67.37,79,90,5.99,MU,1626923839
"banda aceh,id",5.5577,95.3222,85.86,64,67,13.85,ID,1626923840
"nizhneudinsk,ru",54.9076,99.0276,68.97,77,91,2.82,RU,1626923840
"westlock,ca",54.1502,-113.8688,66.36,71,25,2.82,CA,1626923840
"faanui,pf",-16.4833,-151.75,79.2,76,15,16.89,PF,1626923841
"terrace bay,ca",48.7834,-87.1,53.22,71,99,5.37,CA,1626923841
"port blair,in",11.6667,92.75,82.56,85,100,22.48,IN,1626923841
"matranovak,hu",48.0381,19.9826,56.98,81,13,1.45,HU,1626923841
"tahe,cn",52.3333,124.7333,92.86,43,60,4.27,CN,1626923842
"olinda,br",-8.0089,-34.8553,76.73,65,40,13.8,BR,1626923683
"sargatskoye,ru",55.6101,73.4972,73.81,52,43,11.12,RU,1626923842
"pisco,pe",-13.7,-76.2167,62.65,82,90,3.44,PE,1626923609
"korhogo,ci",9.45,-5.6333,71.4,85,37,6.33,CI,1626923842
"biltine,td",14.5333,20.9167,75.94,68,100,8.63,TD,1626923843
"cozumel,mx",20.5083,-86.9458,81.0,90,2,7.0,MX,1626923843
"geraldton,au",-28.7667,114.6,65.12,77,40,8.05,AU,1626923843
"paramirim,br",-13.4425,-42.2389,63.57,81,0,7.61,BR,1626923844
"sinnamary,gf",5.3833,-52.95,79.2,84,12,8.28,GF,1626923825
"north platte,us",41.1239,-100.7654,79.99,60,1,5.99,US,1626923641
"longyearbyen,sj",78.2186,15.6401,42.64,70,20,0.0,SJ,1626923685
"dordrecht,za",-31.372,27.0488,29.23,83,93,12.39,ZA,1626923844
"libreville,ga",0.3925,9.4537,75.22,83,40,9.22,GA,1626923802
"puerto cabezas,ni",14.0351,-83.3888,79.48,87,100,12.71,NI,1626923844
"ocean city,us",39.2776,-74.5746,71.98,89,0,1.99,US,1626923648
"ponta delgada,pt",37.7333,-25.6667,66.92,77,20,8.05,PT,1626923845
"te anau,nz",-45.4167,167.7167,46.38,81,44,3.2,NZ,1626923725
"pizhma,ru",57.8642,47.1171,58.03,80,100,4.7,RU,1626923845
"santa maria,cv",16.6,-22.9,75.79,88,20,8.05,CV,1626923846
"aberdeen,us",45.4647,-98.4865,80.58,60,1,1.01,US,1626923846
"vaini,to",-21.2,-175.2,78.96,78,20,10.36,TO,1626923846
"ugoofaaru,mv",5.6667,73.0,82.92,75,93,17.43,MV,1626923847
"narsaq,gl",60.9167,-46.05,48.42,96,42,0.69,GL,1626923847
"estacion coahuila,mx",32.1939,-115.0017,104.54,40,69,17.29,MX,1626923848
"bandipur,in",11.6663,76.6286,67.33,88,100,9.98,IN,1626923848
"sehithwa,bw",-20.4667,22.7167,46.36,34,0,7.29,BW,1626923848
"sisimiut,gl",66.9395,-53.6735,43.77,81,98,5.21,GL,1626923848
"jaisalmer,in",26.9147,70.9181,84.85,67,1,13.53,IN,1626923849
"pokhara,np",28.2333,83.9833,75.79,82,100,1.3,NP,1626923849
"kamyaran,ir",34.7956,46.9355,76.95,28,56,0.76,IR,1626923850
"yarmouth,ca",43.8335,-66.1156,65.3,98,90,6.91,CA,1626923795
"ust-ilimsk,ru",58.0006,102.6619,62.83,87,100,1.57,RU,1626923850
"port hardy,ca",50.6996,-127.4199,55.58,94,90,5.75,CA,1626923708
"vanavara,ru",60.34,102.2797,67.77,56,96,3.87,RU,1626923850
"ust-barguzin,ru",53.45,108.9833,60.84,79,99,1.99,RU,1626923851
"bantry,ie",51.6833,-9.45,63.88,89,97,6.69,IE,1626923851
"chapais,ca",49.7834,-74.8492,62.38,55,99,2.04,CA,1626923851
"hobyo,so",5.3505,48.5268,77.16,77,73,19.62,SO,1626923852
"walvis bay,na",-22.9575,14.5053,47.35,71,0,2.3,NA,1626923852
"eydhafushi,mv",5.1033,73.0708,83.3,73,96,16.62,MV,1626923853
"jiayuguan,cn",39.8167,98.3,78.71,40,100,8.81,CN,1626923853
"ponta do sol,cv",17.1994,-25.0919,76.78,90,75,6.31,CV,1626923853
"isagarh,in",24.8333,77.8833,81.68,76,99,11.18,IN,1626923853
"medina del campo,es",41.3124,-4.9141,71.71,38,0,4.54,ES,1626923854
"bahile,ph",9.9995,118.7878,87.64,57,100,14.61,PH,1626923854
"esfahan,ir",32.6572,51.6776,71.24,15,32,4.68,IR,1626923854
"tyukhtet,ru",56.5389,89.3011,72.05,55,62,1.16,RU,1626923855
"kawalu,id",-7.3817,108.2082,82.11,65,62,4.34,ID,1626923855
"cabot,us",34.9745,-92.0165,80.65,74,90,4.61,US,1626923856
"havelock,nz",-41.2833,173.7667,52.9,86,99,1.74,NZ,1626923856
"nelson bay,au",-32.7167,152.15,65.28,50,38,1.99,AU,1626923856
"nkhotakota,mw",-12.9274,34.2961,65.91,73,0,3.89,MW,1626923857
"pochutla,mx",15.7432,-96.4661,80.82,91,98,4.16,MX,1626923857
"mahanoro,mg",-19.9,48.8,64.47,87,59,5.44,MG,1626923857
"dodge city,us",37.7528,-100.0171,75.25,59,1,8.01,US,1626923728
"gusau,ng",12.1628,6.6614,74.68,81,63,7.27,NG,1626923858
"san jeronimo,mx",29.3707,-110.79,89.56,40,0,11.07,MX,1626923858
"belomorsk,ru",64.5232,34.7668,52.65,68,78,6.73,RU,1626923858
"tasiilaq,gl",65.6145,-37.6368,41.16,98,100,8.63,GL,1626923858
"laguna,br",-28.4825,-48.7808,51.26,84,0,3.69,BR,1626923859
"balkhash,kz",46.844,74.9804,81.21,47,0,20.13,KZ,1626923859
"husavik,is",66.0449,-17.3389,57.11,87,0,2.33,IS,1626923859
"castro,cl",-42.4721,-73.7732,49.48,93,90,13.8,CL,1626923860
"bethel,us",41.3712,-73.414,71.02,84,0,7.36,US,1626923860
"pondicherry,in",11.93,79.83,84.65,58,100,13.4,IN,1626923796
"guerrero negro,mx",27.9769,-114.0611,70.16,83,64,16.08,MX,1626923722
"sao jose da coroa grande,br",-8.8978,-35.1478,74.5,82,18,10.83,BR,1626923861
"bicester,gb",51.9,-1.1536,66.72,91,0,4.36,GB,1626923861
"safford,us",32.834,-109.7076,94.12,26,20,5.75,US,1626923861
"visby,se",57.6409,18.296,67.86,77,23,8.05,SE,1626923862
"cidreira,br",-30.1811,-50.2056,52.74,65,0,3.09,BR,1626923862
"ulaangom,mn",49.9811,92.0667,78.35,36,98,4.72,MN,1626923862
"junin,ar",-34.5838,-60.9433,48.97,61,93,9.04,AR,1626923862
"beringovskiy,ru",63.05,179.3167,55.81,66,36,6.11,RU,1626923863
"longview,us",32.5007,-94.7405,79.43,78,1,5.75,US,1626923648
"comodoro rivadavia,ar",-45.8667,-67.5,55.26,50,0,11.5,AR,1626923863
"fairbanks,us",64.8378,-147.7164,80.56,41,20,4.61,US,1626923852
